ネギをみじん切りにします,ベーコンも同様に切ります,フライパンにごま油を入れて、ネギ・ベーコンを炒めます,火が通ってきたら、卵を研ぎ入れ混ぜます,スクランブルエッグよりも半熟状態になったら、ご飯を入れ炒めます,全体的に混ざってきたら、☆を入れ味を絡めたら出来上がり
熱したフライパンにサラダ油を入れ卵を炒める。炒めたら一度取り出す,ごま油で具材を炒める。,2にご飯を加え、塩胡椒と醤油で味付け,1をいれ混ぜ炒める,盛り付ける
余った牛丼の具、もしくはレトルトの牛丼の具を汁を少しこぼしてフライパンに入れる,ご飯を入れてパラパラになるまで炒める,キムチ、またはキムチの素を入れる,最後にレタス、ねぎを入れて少ししんなりしたら出来上がり
フライパンの上に卵を落とし、黄身を割って半熟ぐらいに焼きます。目玉焼きの要領で、黄身を壊した感じです。,半熟ぐらいになったら、コショウをかけて、ご飯を上から入れて、混ぜ合わせます。切るように混ぜて見てください。,鮭フレークを入れます。適量入れて混ぜ合わせてください。入れすぎると塩辛くなります。写真よりは多めの方が美味しいかもです。,香味シャンタンを適量味見をしながら入れてください。鮭の味が香るようにするには、シャンタンはほんの少しで大丈夫です。,ご飯粒を潰さないように切るように混ぜ合わせて完成です。
ご飯茶碗一杯を用意し上にしらす、小ネギ、白ゴマを乗せておきます。,フライパンを温めごま油もしくはサラダ油を入れ混ぜておいた卵を入れます。,そのあと1を入れある程度炒めたら｢卵にかけるお醤油｣を入れます。,炒め塩コショウで味を整え完成です。
ベーコンを炒めておく,ご飯に油を入れてボウルで混ぜる,油を引いて卵を炒める半熟になったらすぐにご飯を入れて強火で素早く炒める,醤油、酒、塩コショウをくわえる最初のベーコンも入れる,ネギを加えて完成
フライパンに油をひいて卵を炒めます(2人分作ってるんで2個),卵を潰して,炒り卵のようにします火は中火。,卵が半分火が通ったくらいでご飯投入。(蕎麦の実入れてるんで若干茶色いw),一緒に炒めます。鶏ガラスープの素もふりかけます,ネギ塩ダレを入れて全体に絡めよく炒めます。ヘラを縦に切り叩くようにくっついてる部分を離しながら混ぜるとパラパラします,ネギ塩ダレ足りない場合は足してください。多い方が美味しいです♡(ネギ塩ダレの作り方  ID:5205619 ),ラップしてチンしてもパラパラです。ご飯にもすぐ出来るしお弁当にも最適です☆是非どうぞ！
細切りの牛肉を炒める,フライパンにごま油をひき細切り牛肉を炒める,しっかり火を通したらご飯を入れる。,全体的に解れたら、チャンジャを入れて全体的に混ぜ合わせる,焼肉のたれ、塩コショウで味付けをして混ぜ合わせる,ご飯に焼き色がつく程度まで炒めたら卵を落として全体的に混ぜ合わせたら完成
●フライパンを温めて、ごま油を入れる。●溶き卵を入れる。●ごはんをすぐに入れる。,●卵とごはんを混ぜあわせる。●納豆を混ぜて入れる。,●納豆をごはんにまぜこむ。●調味料を回し入れる。●火をとめ混ぜあわせる。●全体がなじんだら器にとる。,●刻み海苔、塩昆布、ネギをかけてできあがり。
①　ごま油を入れフライパンごと温める。卵二個を投入し木べらで混ぜる。半熟にかき混ぜながら固める。刻んだネギと挽肉を投入。,②　フライパンに中華味とオイスターソースも投入。ニンニクも投入。,③　挽肉に火が通ったら温かいご飯をいれ混ぜる。塩コショウをし醤油をまわし入れ具材等綺麗に混ぜ込みお皿に盛り付ける。
【下準備】・卵は溶いておく・入れる具材は先に炒めておく・冷やご飯は電子レンジで1分～2分ほど加熱しておく,【作り方】フライパンを強火でよく加熱する。※ 水を一滴垂らしてすぐに蒸発するくらいに加熱します。,油を多めに入れて馴染ませ、溶き卵とご飯を順番に加えて手早く混ぜる。,炒めておいた具材も加えて、木べらなどで切るように混ぜます。ご飯が具材と卵としっかり混ざるように混ぜて下さい。,最後に調味料で味付けをします。,型にチャーハンを詰めて大きなお皿に乗せて完成です♡
ボウルに卵を割り、しらすと梅干しを入れてかき混ぜる。,油を引いたフライパンに流し、醤油と胡椒を入れて弱火で軽く炒める。,卵がかたまり始めたらご飯をいれ、ご飯と梅干しを切るように混ぜる。,卵がお好みの状態になったら完成！
玉ねぎとハムを先に炒めておきます,ごはんと唐辛子塩こうじを入れて炒めます,醤油、塩コショウなどで味を調えてできあがり！
フライパンに油を入れ熱する。温かいご飯とごま塩と具を入れて焼き炒めます。☆ごま塩はご飯全体に軽くかける☆,フライパンの端を空けてめんつゆを入れて全体的に混ぜる。ここでごま塩とブラックペッパーで調整。,火を止めてごま油をひと回しし、余熱で混ぜる。完成。
☆ちくわを詰めたかわいいちくわの天ぷらID 5230218,☆ミニトマトといんげんのポン酢和え ID 5127935 今回のお弁当はいんげんなしです,☆高菜チャーハン卵を割りほぐしてフライパンでそぼろ状に炒めて取り出すごま油であらみじんにした人参とじやこを炒める,ご飯と高菜を加えて炒め卵を戻して塩コショウで味を整える紅しょうがをそえる
たまねぎは大きめのみじん切り、にんじんはいちょう切り、アスパラは一口サイズ、レンコンはいちょうぎりにして水にさらす♡,フライパンに油をしいて、野菜を炒める。たまねぎがきつね色になったら、ごはんを入れて塩コショウ♡味ぽんを入れて炒める♡,簡単、もう出来上がり(*^^*),ミツカンの味ぽんを使いました♡
卵をご飯の量に応じて混ぜる。,1晩冷凍庫に入れて冷凍。,次の日に回答して冷蔵庫にあるものと一緒に炒める,味付けしてお皿に盛ったら完成
耐熱ボールに小麦粉とマーガリンを入れてラップをしないで1分レンチン。,取り出したら。少しづつ牛乳を入れて混ぜる。,牛乳をすべて入れたら、2分レンチン。出して泡立て器で良く混ぜる。1分レンチン。出して泡立て器で良く混ぜる。,塩胡椒で味付けしたら、ホワイトソースは完成。,グラタン皿にキムチ炒飯を入れる。（冷たい場合は温めて）,上からホワイトソースの半分を入れる。（ホワイトソースは2人分出来ます。）,さらに上からとろけるチーズをかける。,220℃のオーブンで6〜8分焼け具合を確認しながら焼く。（チーズがすぐに焦げる場合は上からアルミホイルを乗せる）
鮭をほぐして骨をとります。レタスは小さくちぎります。,ご飯に卵を割り入れて卵かけご飯のように混ぜ、レンジで600w1分半チンします。,ご飯にごま油をふりいれます。ご飯の上に、鮭、レタス、ほうれん草、ミックスベジタブルをのせてまぜます。,レンジで1分半温めて、子どもはそのままでも、大人は足りなかったら塩胡椒で味を調節したら出来上がり！
フライパンに油（大1）をひき強火にかけ、卵を10秒炒め別皿へ,①のフライパンにごま油（大2）を入れ中火でご飯を一度しっかり炒めたら①を戻し入れる,☆の調味料を加え中火で2分以上しっかり炒めて完成♪
卵を溶いて焼く,玉ねぎをみじん切り、レタス、ハムを切って入れるバターを敷くと良いかも,いい感じになったらご飯投入温めておいてね,炒める,いぇーい
●フライパンを周辺部まで十分に熱する。●ごま油を加え、高温にする。●溶き卵を加える。,●素早くごはんをのせ、炒めながら混ぜあわせる。●鶏がらスープの素を加える。●軽く押さえつけ、全体を薄く平にしていく。,●平にしたごはんを裏返し、裏面も軽く押さえつけ、焼き目を入れていく。●はしに持ち替えてごはんをほぐしていく。,△好みで塩・胡椒を加え、味を整える。●好みのほぐし具合で器にとる。●刻み海苔をかけて、できあがり。
豚肉とえのき茸は7mmくらいに切り、青ネギは小口切り、しいたけと白菜は5cm角切りにする。調味料も用意しておく。,冷やご飯はレンジで温めておく。,中華鍋に油を入れ豚肉を炒める。,豚肉の色が変わったらしいたけと白菜を入れ、しっかりと炒める。水分が出るので強火でなるべく水分をとばしておく。,ご飯と塩コショウ、ガラスープの素を入れ素早く炒める。,えのき茸と青ネギを入れ炒める。,最後に醤油を鍋肌に回し入れ混ぜる。香ばしい香りがしたら出来上がり。
フライパンにゴマ油をいれて、刻んだ玉ねぎと刻んだハムを入れて炒めます。,玉ねぎに火が通ってきたら、ごはんを投入し、卵を入れてヘラで全体的に馴染むように混ぜます。,ウェイパーを入れて味付けし、ゴマ油をまわしかければ完成です！
フライパンにサラダ油をひき、小口切りにしたネギとしらすを炒めて取り出す。,①のフライパンにサラダ油を熱し、その間に溶いた卵をご飯に入れて混ぜ合わせる。,フライパンに、卵をまぜたご飯を入れて、強火で炒める。,ご飯がパラパラになったら、①と手で適当な大きさにちぎったレタスを加える。,最後に、フライパンの縁からポン酢を回し入れて味をつける。
さつまいもご飯（レシピID : 5283037）の残りを電子レンジで温めて準備しておく。,レタスはやや大きめの一口大に手でちぎり、ベーコンは細切りにしておく。,大きめのフライパンに弱めの中火でバターとオリーブオイルを溶かしてベーコンを軽く炒めて火を通していく。,さつまいもご飯を加えて、塩と黒こしょうを全体に振って中火にし、ご飯をほぐして水分を飛ばしながら炒めていく。,ご飯がほぐれてしっかり油が馴染んだところで火加減を弱めて、レタスと鍋肌から★の調味料を加える。,強めの中火に戻してかき混ぜながらしっかりとご飯に味つけを絡ませていき、レタスに火が通って油が馴染んだところで火を止める。,器に盛りつけ、お好みで黒ゴマを散らしたら、出来上がり♪※今回は黒ごまを振らずに仕上げています☆,普段から少しでもヘルシーにとバター少なめオリーブオイルで置き換えるレシピになっていますが十分に美味しく召し上がれますよ♪,フライパンで炒めるときは、木しゃもじかヘラ等を使ってさつま芋を崩して潰さないよう気をつけて炒めるようにしてみてください☆
鮭とばにお酒をかけ、ラップをしてレンジで温める（あたため自動で1回程度）,粗熱が取れたらマヨネーズであえておく（マヨネーズ漬けにすると柔らかくなるので、作る前に準備しておく）,マヨネーズごと鮭とばとご飯を混ぜ合わせる,ごま油を入れたフライパンを火にかけ、ご飯を入れて炒める（具材を入れる場合は一緒に入れる）,それほど触らず、ひろげて焼く→ひっくり返して焼く→ほぐす程度,塩胡椒、オイスターソースで味付けをする（鮭とばに塩分があるので、塩胡椒は控えめにし後で調整する）,ご飯をフライパンのはしに寄せ、割りほぐした卵で炒り卵を作る,卵、ご飯を混ぜ合わせ醤油で調味する
あったかいご飯に中華スープ、醤油、焼豚を混ぜる。味が均一になるように。,混ざり切ったら上から生卵を落としくずしながら食べる。
ソーセージを切る。お椀にご飯をよそって味付けチューブを入れて混ぜ、そこにソーセージを入れて混ぜる。,ご飯がよく混ざったらフライパンで炒める。ソーセージに火が通ったら溶き卵を入れて炒める。,お椀に戻して形を整える。,キャベツ、にんじんを一口大に切る。切り終わったらキャベツ、にんじん、しめじをフライパンに入れて炒める。,野菜に火が通ったら、野菜がちょっと浸るくらいに水を入れる。,白だしとめんつゆを入れて、グツグツしてきたら水でといたコーンスターチを入れて混ぜる。,お皿にお椀で形を整えたご飯をよそい、その上からあんをかけて完成。
納豆を付属のタレも一緒に混ぜる。タレがない納豆の場合は醤油やめんつゆなどを混ぜる。,フライパンにごま油を熱して挽き肉を色が変わるまで炒める。,②にご飯と納豆を加えてよく混ぜながら炒める。,醤油、塩、黒胡椒を加えてサッと炒める。,器に盛り付け完成
フライパンにシーチキンを油ごと入れ、玉ねぎ、しょうがを加えて中火～強火で炒める。,玉ねぎに火が通ったらご飯を加えて炒め、塩、胡椒で味を整える。,最後に鍋はだから醤油を入れ、全体に混ぜ合わせて出来上がり♪
ご飯と卵をボールで混ぜ合わせます。,いい感じに混ぜ合わせれたら、フライパンに油をのせすぐに①を入れます。,パラパラにするために、弱火で炒め続けます。,パラパラになったらソースを入れます。,そして、水分が飛ぶように強火で炒めます。,水分が飛んだら再び弱火で炒めます！いい具合にパラパラになれば完成です！
ちくわは縦に２つに切った後、適当な大きさに切ります。,ごはんとたまごは先にかき混ぜておきます。（先に混ぜておくことで、ごはんがパラパラに仕上がります。）,フライパンにサラダ油をひいて、ちくわを炒めます。（中火）,ちくわが炒まったら、たまごと混ぜたごはんを入れ炒めます。（中火）,ごはんがパラパラとなったらキムチを入れて全体的に炒めます。（中火）,塩胡椒と醤油で味付けしたら完成。お好みでネギ、韓国のり、目玉焼きなどをトッピングするとさらに美味しいですよ。,余ったキムチ炒飯はドリアにして次の日に！「キムチドリア」ID : 5279251 
ご飯と卵、オイスターソース、鶏ガラ、ごま油を加えボウルの中で混ぜる,ネギと油（大さじ2)を熱したフライパンで炒め香りを出す。,チャーシュー（ベーコンやウインナーでも〇）と①の物も合わせて炒める,※大きめのフライパンを使うようにしましょう！！小さいとベチャッとします※,全体的に混ざったら卵を割入れ一気に混ぜる,じゃっ！とフライパンの鍋肌に醤油をたらしさらに炒め塩コショウで味を整える
フライパンに油を引いて、ベーコンを炒める,といておいた卵を入れた、ご飯も入れて炒める,塩コショウで味付けして、最後に醤油を回し入れレタスを加えて軽く炒める,ご飯茶碗にチャーハンを入れてお皿にクルッとひっくり返して盛り付ける,付属の醤油で混ぜ混ぜした納豆を乗せて、その上に大葉を乗せ、紅生姜を添えて出来上がり！！ 
●フライパンを周辺部まで十分に熱する。●ごま油を加え、高温にする。●溶き卵を加える。,●素早くごはんをのせ、炒めながら混ぜあわせる。●鶏がらスープの素を加える。●軽く押さえつけ、全体を薄く平にしていく。,●平にしたごはんを裏返し、裏面も軽く押さえつけ、焼き目を入れていく。●はしに持ち替えてごはんをほぐしていく。,△好みで塩・胡椒を加え、味を整える。●好みのほぐし具合で器にとり、できあがり。
フライパンを温め弱火にしバターを入れます。,割って混ぜた卵をフライパンに入れその上にご飯を入れます。,ある程度炒めたら塩コショウで味を整えます。,最後にお好みの量レモン汁を搾り入れ炒めたら完成です。
溶き卵をフライパンに流してスクランブルエッグ状態にし、お皿に移します※少し半熟状態で移します,ウインナーを2～3cmぐらいに切ってフライパンで炒めたら、卵と同じお皿に移します,豆腐をフライパンにそのまま入れて、豆腐を崩しながら強めの中火で水分をとばします,豆腐の水分がなくなったら、鶏ガラスープの素、しょうゆを入れて混ぜたら、卵とウインナーを入れて混ぜ合わせます,最後に鮭フレークを入れて混ぜ合わせたらできあがりです
しば浸けはみじん切りにしておく。,フライパンに油でしらすと桜えびを軽く炒め油をからませる。,火は中火くらいで桜えびがほんのり香ってきたら、卵とご飯を入れる。今回温かいご飯を使用。,火が強いと卵が固まりすぎてしまうので、中火くらいで。卵がご飯とからまり、ほぐれてきたら、みじん切りしたしば浸けを入れる。
ご飯と卵以外の材料を細かく刻みます。フライパンにサラダ油を引いて、材料を炒め、しばらくしたら卵を加えます。,割り入れた卵が炒り卵になるよう材料全体をかきまぜ、そのあと火を止めてご飯と調味料全部を入れます。,フライパンにくっつかないように中火でしばらく炒めて、よく混ざり合ったらできあがりです。
フライパンを熱しサラダ油を入れ、割りほぐした卵を入れてさっと炒める。皿に取り出す。,①の後、キッチンペーパーで拭き、ベーコンをじっくりを炒める。皿に取り出す。,②の後、キッチンペーパーで拭き取り、粉末スープ・サラダ油を入れて、中火にかけて、へらでなじませる。,③に雑穀ご飯を入れて、じっくりと炒める。,全体がぱらぱらになってきたら、①と②と青ネギを入れ、さっと混ぜるように炒めたら完成。皿に盛り付ける。
わかめは水で戻し大きければざく切りにする。ネギは小口切りに。,フライパン温めて油を引き玉子を流し込む。周りが焼けてきたらご飯を入れ素早く混ぜ合わせる。,ご飯が合わさったら塩昆布とわかめとネギを入れて更に炒める。,しらすを入れお醤油も入れて手早く炒める。しらすは炒めすぎないように。塩昆布が入るので味を見てからお醤油を加減して下さい
材料は全てみじん切りにする。たまごはうつわに入れ溶いておく。,フライパンを熱し少し多めの油をしき、たまごを入れ軽く炒め半熟くらいで一旦取り出す。緩めのスクランブルエッグくらいで。,もう一度火をつけ 、油が少なければ足し具材を炒めご飯を加え混ぜ合わせ卵を戻し炒める。,調味料を加え味を付け、最後にごま油を回しかけ完成！,今回は普通の大根の漬物でしたが、たくあんや野沢菜、高菜や浅漬け、キムチ、カリカリ梅なんかでも美味しかったです(o^^o),今回は、冷蔵庫の有り合わせなので具材もお好みの物を合わせて下さい！
チャーシューを1㎝角に切り、長ネギをみじん切りにする。,フライパンにきざみにんにくオリーブオイルを入れて熱し、溶き卵を流し入れる。,卵が半熟になったら、ご飯を加えほぐすように炒める。,チャーシューと長ねぎを加えて炒める。鶏がらスープのもと、しょうゆ、塩コショウで味を調整する。
フライパンを熱してごま油を敷く,溶き卵、ご飯を入れて炒める,パラパラし始めたら、ザーサイ、しらす、明太子を入れる,味の素、醤油で味付け,ごま油をサッとかける,お皿に盛る,完成☆
材料を用意する。ご飯はレンジでチンしておく。,レタスとチキンは袋の半分くらい用意しておく。レタスは出来るだけ紫を省いてちぎる。サラダチキンの汁もとっておく。,胡麻油を多目にひき卵を炒める,チンしたご飯を入れて炒める,レタスとチキン投入して、チキンの汁も入れる。レタスがしなっとなったら塩コショウで味付けする。,お好みでネギをかけたら完成
フライパンを中火で熱してオリーブオイルを入れる。,生米を入れて中火で1分炒る。,水と中華の素と白だしとベーコンを入れてフタをして中火で2分。,フタをしたまま弱火にして9分。（この間 、フタは開けないこと）,火を止めて7分蒸らす。（この間 、フタは開けないこと）,中火で火を付け、フタを開けて玉子と醤油を入れて1分混ぜる。,火を止めて、ごま油を入れて混ぜる。,出来上がり！！！
フライパンにゴマ油をタラーッと。熱す,キムチを軽く炒める,お砂糖チョロっと、鶏がらスープの素ちょろっと！,ご飯をイン！,端っこからすこしだけお醤油をたらしますよ。,ご飯の白いところがなくなるまで切るように混ぜて、完成だよん
生姜は皮を剥いて、千切りにします。1袋に入っているだけ入れちゃいます。たくさん入れれば入れるほど美味しい！,油をフライパンに入れて火を付けて、刻んだ生姜を加えて軽く炒めます。炒めると少しカリッとするので食感アップです♪,ご飯を投入します。我が家ではお茶碗が小さめなので山盛りです。,ご飯を炒めます、他の炒飯みたいにカリカリに炒めすぎない方が美味しいですよ〜,鰹節を1パック入れてサクサクと切るように混ぜて一緒に炒めます。鰹節の風味が苦手でない方は2パック入れても美味しいですよ〜,よーく混ざったら、一旦火を止めて醤油を回し入れて、切るように混ぜていきます。火を止めることで醤油が焦げなくてすみます。,醤油がご飯に混ざってきたら、火を付けて軽く炒めます。醤油の良いにおいがしてきたら、仕上げに鰹節の残り1パックを入れます。,鰹節をよーく混ぜ込んで、味見！濃いめの味が美味しいので、足りなければ醤油を足して下さい。お皿に盛り付けて完成〜！
フライパンにごま油をひいて、鮭フレークと卵を炒める,卵が半熟くらいに火が通ったら、ごはんを加え炒める,全体的に混ぜれたら、一口大にちぎったレタスを加える,鶏ガラ、塩こしょうを加え味付けて、完成！
